{"font_css": "stock:rufina-sintony", "storymap": {"call_to_action": true, "call_to_action_text": "INGRESAR", "language": "es", "map_as_image": false, "map_type": "osm:standard", "slides": [{"background": {"color": "#1a1918", "opacity": 95}, "date": "", "location": {"line": true}, "media": {"caption": "", "credit": "Wikimedia", "url": "//uploads.knightlab.com/storymapjs/1f79742c6986792a2d7352ec0dd26ec8/sarmiento-obra-facundo/_images/Domingo_Faustino_Sarmiento_(c._1884)_-_Eugenia_Bel\u00edn_Sarmiento_-_Google_Arts_&_Culture_(cropped).jpg"}, "text": {"headline": "Facundo, obra de Domingo Faustino Sarmiento. -", "text": "<span>En <em>Facundo</em>,\nSarmiento utiliza las ubicaciones geogr\u00e1ficas para construir su an\u00e1lisis de la\ndicotom\u00eda entre \"civilizaci\u00f3n\" y \"barbarie\"...</span>"}, "type": "overview"}, {"background": {"color": "#030303", "opacity": 100}, "date": "", "location": {"icon": "//uploads.knightlab.com/storymapjs/1f79742c6986792a2d7352ec0dd26ec8/sarmiento-obra-facundo/_images/descarga.png", "iconSize": [48, 48], "lat": -31.536562, "line": true, "lon": -68.524384, "use_custom_marker": true, "zoom": 12}, "media": {"caption": "", "credit": "Wikimedia", "url": "//uploads.knightlab.com/storymapjs/1f79742c6986792a2d7352ec0dd26ec8/sarmiento-obra-facundo/_images/640px-Sarmiento-Joven.jpg"}, "text": {"headline": "San Juan", "text": "Lugar\nde nacimiento de Sarmiento y s\u00edmbolo de sus ra\u00edces. Representa un potencial de&nbsp;civilizaci\u00f3n por su conexi\u00f3n con el progreso.&nbsp; Sin embargo, la regi\u00f3n enfrentaba dificultades debido a su aislamiento geogr\u00e1fico y la falta de infraestructura."}}, {"background": {"color": "#0a0a0a", "opacity": 100}, "date": "", "location": {"icon": "//uploads.knightlab.com/storymapjs/1f79742c6986792a2d7352ec0dd26ec8/sarmiento-obra-facundo/_images/descarga.png", "iconSize": [48, 48], "lat": -29.412741, "line": true, "lon": -66.855879, "use_custom_marker": true, "zoom": 12}, "media": {"caption": "", "credit": "Wikimedia", "url": "//uploads.knightlab.com/storymapjs/1f79742c6986792a2d7352ec0dd26ec8/sarmiento-obra-facundo/_images/Estaci\u00f3n_Presidente_Domingo_F._Sarmiento.JPG"}, "text": {"headline": "La Rioja", "text": "Asociada con el caudillismo y la barbarie que\nSarmiento critica,&nbsp;fue el lugar donde \u00e9l pas\u00f3 su infancia; marcada por un ambiente rural y con limitadas oportunidades educativas. Sin embargo, gracias a su inter\u00e9s por el conocimiento, logr\u00f3 acceder a formaci\u00f3n b\u00e1sica y mostr\u00f3 un temprano inter\u00e9s por la literatura y la ense\u00f1anza."}}, {"background": {"color": "#050505", "opacity": 100}, "date": "", "location": {"icon": "//uploads.knightlab.com/storymapjs/1f79742c6986792a2d7352ec0dd26ec8/sarmiento-obra-facundo/_images/descarga.png", "iconSize": [48, 48], "lat": -34.607568, "line": true, "lon": -58.437089, "use_custom_marker": true, "zoom": 12}, "media": {"caption": "", "credit": "Wikimedia", "url": "//uploads.knightlab.com/storymapjs/1f79742c6986792a2d7352ec0dd26ec8/sarmiento-obra-facundo/_images/640px-Domingo_Faustino_Sarmiento_6.jpg"}, "text": {"headline": "Buenos Aires", "text": "Representa la civilizaci\u00f3n, la conexi\u00f3n con Europa y el centro del poder pol\u00edtico y cultural en Argentina."}}, {"background": {"color": "#000000", "opacity": 100}, "date": "", "location": {"icon": "//uploads.knightlab.com/storymapjs/1f79742c6986792a2d7352ec0dd26ec8/sarmiento-obra-facundo/_images/descarga.png", "iconSize": [48, 48], "lat": -33.30197, "line": true, "lon": -66.33699, "use_custom_marker": true, "zoom": 12}, "media": {"caption": "", "credit": "Wikimedia", "url": "//uploads.knightlab.com/storymapjs/1f79742c6986792a2d7352ec0dd26ec8/sarmiento-obra-facundo/_images/640px-Sarmiento_1935stamp.png"}, "text": {"headline": "Llanuras y regiones rurales de Argentina", "text": "Se describen como espacios de barbarie, dominados por el desierto, el aislamiento y la influencia de los caudillos."}}, {"background": {"color": "#0a0a0a", "opacity": 100}, "date": "", "location": {"icon": "//uploads.knightlab.com/storymapjs/1f79742c6986792a2d7352ec0dd26ec8/sarmiento-obra-facundo/_images/descarga.png", "iconSize": [48, 48], "lat": -26.783346, "line": true, "lon": -69.761008, "use_custom_marker": true, "zoom": 12}, "media": {"caption": "", "credit": "Wikimedia", "url": "//uploads.knightlab.com/storymapjs/1f79742c6986792a2d7352ec0dd26ec8/sarmiento-obra-facundo/_images/Las_Ideas_no_se_matan,_Domingo_Faustino_Sarmiento,_San_Juan_Argentina.jpg"}, "text": {"headline": "Chile", "text": "Referencia frecuente como pa\u00eds donde Sarmiento vivi\u00f3 en exilio y observ\u00f3 un sistema educativo m\u00e1s avanzado."}}]}}